<?xml version="1.0" encoding="UTF-8"?>
<beans xmlns= "http://www.springframework.org/schema/beans " 
	xmlns:xsi= "http://www.w3.org/2001/XMLSchema-instance" 
	xsi:schemaLocation= "http://www.springframework.org/schema/beans
	http://www.springframework.org/schema/beans/spring-beans-4.3.xsd" > 
 	<!-- 标类-->
	<bean id="userDao " class=" com . itheima . jdk . UserDaolmpl " /> 
 	<!-- 切面类-->
	<bean id="myAspect " class=" com.itheima .factorybean . MyAspect " /> 
 	 <!--使用 Spring 代理工厂定义一个名称为 userDaoProxy 的代理对象-->
	<bean id="userDaoProxy"
	class="orq.sprinqframework.aop.framework.ProxyFactoryBean">
	<!-- 3.1 指定代理实现的接口-->
	<property ame="proxylnterfaces"
		value=" com.itheima.jdk.UserDao" />
	<!-- 3.2指定目标对象-->
	<property name="target" ref="userDao" />
	<!-- 3.3 指定切面，植入环绕通知-->
	<property name="nterceptorNames"  value="myAspect" />
	<!--3.4 指定代理方式， true 使用 cglib,false (默认);使用jdk动态代理-->
	<property name="proxyTargetClass" value=" true " />
  </bean>
 </beans>